id,title,description,image_link,link,product_type,brand,price,availability,item_group_id,checkout_url,additional_image_link,sale_price_effective_date,sale_price,condition,visibility,gender,color,size,pattern,google_product_category,default_product,variant
PI-P-1705_337,"Pizza italiana","Tamaño de la pizza: Personal",https://pizzeriahorebs.com/wp-content/uploads/2023/04/Italiana-1.jpg,https://pizzeriahorebs.com/producto/pizza-italiana/?attribute_pa_tamano-de-la-pizza=personal,"499988","Pizzeria Horebs",29000COP,in stock,PI-2702_332,,,1970-01-29T00:00+00:00/2038-01-17T23:59+00:00,23000COP,new,published,,,,,,,"tamano-de-la-pizza:Grande/Mediana/Personal:Personal"
PI-M-7056_336,"Pizza italiana","Tamaño de la pizza: Mediana",https://pizzeriahorebs.com/wp-content/uploads/2023/04/Italiana-1.jpg,https://pizzeriahorebs.com/producto/pizza-italiana/?attribute_pa_tamano-de-la-pizza=mediana,"499988","Pizzeria Horebs",39900COP,in stock,PI-2702_332,,,1970-01-29T00:00+00:00/2038-01-17T23:59+00:00,35000COP,new,published,,,,,,,"tamano-de-la-pizza:Grande/Mediana/Personal:Mediana"
PI-G-1263_335,"Pizza italiana","Tamaño de la pizza: Grande",https://pizzeriahorebs.com/wp-content/uploads/2023/04/Italiana-1.jpg,https://pizzeriahorebs.com/producto/pizza-italiana/?attribute_pa_tamano-de-la-pizza=grande,"499988","Pizzeria Horebs",60000COP,in stock,PI-2702_332,,,,0,new,published,,,,,,,"tamano-de-la-pizza:Grande/Mediana/Personal:Grande"
S-4341_235,"Bebidas","Gaseosas: Sprite 400 ml",https://pizzeriahorebs.com/wp-content/uploads/2023/04/sprit-1.jpg,https://pizzeriahorebs.com/producto/bebidas/?attribute_pa_gaseosas=sprite-400-ml,"499988","Pizzeria Horebs",4000COP,in stock,B-5331_228,,"https://pizzeriahorebs.com/wp-content/uploads/2023/04/coca-cola-1.jpg,https://pizzeriahorebs.com/wp-content/uploads/2023/04/sprit-1.jpg,https://pizzeriahorebs.com/wp-content/uploads/2023/04/jugo-hit-2.jpg,https://pizzeriahorebs.com/wp-content/uploads/2023/04/coca-cola-personal-1.jpg,https://pizzeriahorebs.com/wp-content/uploads/2023/04/jugo-hit-1-1.jpg",,0,new,published,,,,,,,"gaseosas:Agua cristal/Coca-Cola 1.5 L/Coca-Cola 400 ml/Jugo hit 400 ml/Postobon 1.5 L/Sprite 400 ml:Sprite 400 ml"
P-4823_234,"Bebidas","Gaseosas: Postobon 1.5 L",https://pizzeriahorebs.com/wp-content/uploads/2023/04/jugo-hit-1-1.jpg,https://pizzeriahorebs.com/producto/bebidas/?attribute_pa_gaseosas=postobon-1-5-l,"499988","Pizzeria Horebs",8000COP,in stock,B-5331_228,,"https://pizzeriahorebs.com/wp-content/uploads/2023/04/coca-cola-1.jpg,https://pizzeriahorebs.com/wp-content/uploads/2023/04/sprit-1.jpg,https://pizzeriahorebs.com/wp-content/uploads/2023/04/jugo-hit-2.jpg,https://pizzeriahorebs.com/wp-content/uploads/2023/04/coca-cola-personal-1.jpg,https://pizzeriahorebs.com/wp-content/uploads/2023/04/jugo-hit-1-1.jpg",,0,new,published,,,,,,,"gaseosas:Agua cristal/Coca-Cola 1.5 L/Coca-Cola 400 ml/Jugo hit 400 ml/Postobon 1.5 L/Sprite 400 ml:Postobon 1.5 L"
JH-P-9364_233,"Bebidas","Gaseosas: Jugo hit 400 ml",https://pizzeriahorebs.com/wp-content/uploads/2023/04/jugo-hit-2.jpg,https://pizzeriahorebs.com/producto/bebidas/?attribute_pa_gaseosas=jugo-hit-400-ml,"499988","Pizzeria Horebs",4000COP,in stock,B-5331_228,,"https://pizzeriahorebs.com/wp-content/uploads/2023/04/coca-cola-1.jpg,https://pizzeriahorebs.com/wp-content/uploads/2023/04/sprit-1.jpg,https://pizzeriahorebs.com/wp-content/uploads/2023/04/jugo-hit-2.jpg,https://pizzeriahorebs.com/wp-content/uploads/2023/04/coca-cola-personal-1.jpg,https://pizzeriahorebs.com/wp-content/uploads/2023/04/jugo-hit-1-1.jpg",,0,new,published,,,,,,,"gaseosas:Agua cristal/Coca-Cola 1.5 L/Coca-Cola 400 ml/Jugo hit 400 ml/Postobon 1.5 L/Sprite 400 ml:Jugo hit 400 ml"
CC-P-1075_232,"Bebidas","Gaseosas: Coca-Cola 400 ml",https://pizzeriahorebs.com/wp-content/uploads/2023/04/coca-cola-personal-1.jpg,https://pizzeriahorebs.com/producto/bebidas/?attribute_pa_gaseosas=coca-cola-400-ml,"499988","Pizzeria Horebs",4000COP,in stock,B-5331_228,,"https://pizzeriahorebs.com/wp-content/uploads/2023/04/coca-cola-1.jpg,https://pizzeriahorebs.com/wp-content/uploads/2023/04/sprit-1.jpg,https://pizzeriahorebs.com/wp-content/uploads/2023/04/jugo-hit-2.jpg,https://pizzeriahorebs.com/wp-content/uploads/2023/04/coca-cola-personal-1.jpg,https://pizzeriahorebs.com/wp-content/uploads/2023/04/jugo-hit-1-1.jpg",,0,new,published,,,,,,,"gaseosas:Agua cristal/Coca-Cola 1.5 L/Coca-Cola 400 ml/Jugo hit 400 ml/Postobon 1.5 L/Sprite 400 ml:Coca-Cola 400 ml"
CC-8043_231,"Bebidas","Gaseosas: Coca-Cola 1.5 L",https://pizzeriahorebs.com/wp-content/uploads/2023/04/coca-cola-1.jpg,https://pizzeriahorebs.com/producto/bebidas/?attribute_pa_gaseosas=coca-cola-1-5-l,"499988","Pizzeria Horebs",8000COP,in stock,B-5331_228,,"https://pizzeriahorebs.com/wp-content/uploads/2023/04/sprit-1.jpg,https://pizzeriahorebs.com/wp-content/uploads/2023/04/jugo-hit-2.jpg,https://pizzeriahorebs.com/wp-content/uploads/2023/04/coca-cola-personal-1.jpg,https://pizzeriahorebs.com/wp-content/uploads/2023/04/jugo-hit-1-1.jpg,https://pizzeriahorebs.com/wp-content/uploads/2023/04/agua-1.jpg",,0,new,published,,,,,,,"gaseosas:Agua cristal/Coca-Cola 1.5 L/Coca-Cola 400 ml/Jugo hit 400 ml/Postobon 1.5 L/Sprite 400 ml:Coca-Cola 1.5 L"
AC-9613_230,"Bebidas","Gaseosas: Agua cristal",https://pizzeriahorebs.com/wp-content/uploads/2023/04/agua-1.jpg,https://pizzeriahorebs.com/producto/bebidas/?attribute_pa_gaseosas=agua-cristal,"499988","Pizzeria Horebs",4000COP,in stock,B-5331_228,,"https://pizzeriahorebs.com/wp-content/uploads/2023/04/coca-cola-1.jpg,https://pizzeriahorebs.com/wp-content/uploads/2023/04/sprit-1.jpg,https://pizzeriahorebs.com/wp-content/uploads/2023/04/jugo-hit-2.jpg,https://pizzeriahorebs.com/wp-content/uploads/2023/04/coca-cola-personal-1.jpg,https://pizzeriahorebs.com/wp-content/uploads/2023/04/jugo-hit-1-1.jpg",,0,new,published,,,,,,,"gaseosas:Agua cristal/Coca-Cola 1.5 L/Coca-Cola 400 ml/Jugo hit 400 ml/Postobon 1.5 L/Sprite 400 ml:Agua cristal"
PTC-2440_227,"Panzerotti","Sabores: Tres carnes",https://pizzeriahorebs.com/wp-content/uploads/2023/04/panzerotti-1.jpg,https://pizzeriahorebs.com/producto/panzerotti/?attribute_pa_sabores=tres-carnes,"499988","Pizzeria Horebs",20000COP,in stock,P-6673_216,,,1970-01-29T00:00+00:00/2038-01-17T23:59+00:00,16000COP,new,published,,,,,,,"sabores:Hawaiano/Horebs especial/Italiano/Jamón pollo/Jamon y queso/Margarita/Pepperoni/Pollo champiñon/Pollo jamon/Tres carnes:Tres carnes"
PPJ-9741_226,"Panzerotti","Sabores: Pollo jamon",https://pizzeriahorebs.com/wp-content/uploads/2023/04/panzerotti-1.jpg,https://pizzeriahorebs.com/producto/panzerotti/?attribute_pa_sabores=pollo-jamon,"499988","Pizzeria Horebs",19000COP,in stock,P-6673_216,,,1970-01-29T00:00+00:00/2038-01-17T23:59+00:00,13000COP,new,published,,,,,,,"sabores:Hawaiano/Horebs especial/Italiano/Jamón pollo/Jamon y queso/Margarita/Pepperoni/Pollo champiñon/Pollo jamon/Tres carnes:Pollo jamon"
PPC-1761_225,"Panzerotti","Sabores: Pollo champiñon",https://pizzeriahorebs.com/wp-content/uploads/2023/04/panzerotti-1.jpg,https://pizzeriahorebs.com/producto/panzerotti/?attribute_pa_sabores=pollo-champinon,"499988","Pizzeria Horebs",19000COP,in stock,P-6673_216,,,1970-01-29T00:00+00:00/2038-01-17T23:59+00:00,13000COP,new,published,,,,,,,"sabores:Hawaiano/Horebs especial/Italiano/Jamón pollo/Jamon y queso/Margarita/Pepperoni/Pollo champiñon/Pollo jamon/Tres carnes:Pollo champiñon"
PP-8536_224,"Panzerotti","Sabores: Pepperoni",https://pizzeriahorebs.com/wp-content/uploads/2023/04/panzerotti-1.jpg,https://pizzeriahorebs.com/producto/panzerotti/?attribute_pa_sabores=pepperoni,"499988","Pizzeria Horebs",19000COP,in stock,P-6673_216,,,1970-01-29T00:00+00:00/2038-01-17T23:59+00:00,14000COP,new,published,,,,,,,"sabores:Hawaiano/Horebs especial/Italiano/Jamón pollo/Jamon y queso/Margarita/Pepperoni/Pollo champiñon/Pollo jamon/Tres carnes:Pepperoni"
PM-4561_223,"Panzerotti","Sabores: Margarita",https://pizzeriahorebs.com/wp-content/uploads/2023/04/panzerotti-1.jpg,https://pizzeriahorebs.com/producto/panzerotti/?attribute_pa_sabores=margarita,"499988","Pizzeria Horebs",16000COP,in stock,P-6673_216,,,1970-01-29T00:00+00:00/2038-01-17T23:59+00:00,10000COP,new,published,,,,,,,"sabores:Hawaiano/Horebs especial/Italiano/Jamón pollo/Jamon y queso/Margarita/Pepperoni/Pollo champiñon/Pollo jamon/Tres carnes:Margarita"
PJQ-3697_222,"Panzerotti","Sabores: Jamon y queso",https://pizzeriahorebs.com/wp-content/uploads/2023/04/panzerotti-1.jpg,https://pizzeriahorebs.com/producto/panzerotti/?attribute_pa_sabores=jamon-y-queso,"499988","Pizzeria Horebs",23000COP,in stock,P-6673_216,,,1970-01-29T00:00+00:00/2038-01-17T23:59+00:00,12000COP,new,published,,,,,,,"sabores:Hawaiano/Horebs especial/Italiano/Jamón pollo/Jamon y queso/Margarita/Pepperoni/Pollo champiñon/Pollo jamon/Tres carnes:Jamon y queso"
PJP-2789_221,"Panzerotti","Sabores: Jamón pollo",https://pizzeriahorebs.com/wp-content/uploads/2023/04/panzerotti-1.jpg,https://pizzeriahorebs.com/producto/panzerotti/?attribute_pa_sabores=jamon-pollo,"499988","Pizzeria Horebs",18000COP,in stock,P-6673_216,,,1970-01-29T00:00+00:00/2038-01-17T23:59+00:00,13000COP,new,published,,,,,,,"sabores:Hawaiano/Horebs especial/Italiano/Jamón pollo/Jamon y queso/Margarita/Pepperoni/Pollo champiñon/Pollo jamon/Tres carnes:Jamón pollo"
PI-3725_220,"Panzerotti","Sabores: Italiano",https://pizzeriahorebs.com/wp-content/uploads/2023/04/panzerotti-1.jpg,https://pizzeriahorebs.com/producto/panzerotti/?attribute_pa_sabores=italiano,"499988","Pizzeria Horebs",25000COP,in stock,P-6673_216,,,1970-01-29T00:00+00:00/2038-01-17T23:59+00:00,17000COP,new,published,,,,,,,"sabores:Hawaiano/Horebs especial/Italiano/Jamón pollo/Jamon y queso/Margarita/Pepperoni/Pollo champiñon/Pollo jamon/Tres carnes:Italiano"
PHE-8806_219,"Panzerotti","Sabores: Horebs especial",https://pizzeriahorebs.com/wp-content/uploads/2023/04/panzerotti-1.jpg,https://pizzeriahorebs.com/producto/panzerotti/?attribute_pa_sabores=horebs-especial,"499988","Pizzeria Horebs",25000COP,in stock,P-6673_216,,,,0,new,published,,,,,,,"sabores:Hawaiano/Horebs especial/Italiano/Jamón pollo/Jamon y queso/Margarita/Pepperoni/Pollo champiñon/Pollo jamon/Tres carnes:Horebs especial"
PH-4702_218,"Panzerotti","Sabores: Hawaiano",https://pizzeriahorebs.com/wp-content/uploads/2023/04/panzerotti-1.jpg,https://pizzeriahorebs.com/producto/panzerotti/?attribute_pa_sabores=hawaiano,"499988","Pizzeria Horebs",20000COP,in stock,P-6673_216,,,1970-01-29T00:00+00:00/2038-01-17T23:59+00:00,13000COP,new,published,,,,,,,"sabores:Hawaiano/Horebs especial/Italiano/Jamón pollo/Jamon y queso/Margarita/Pepperoni/Pollo champiñon/Pollo jamon/Tres carnes:Hawaiano"
PP-P-4145_212,"Pizza Pepperoni","Tamaño de la pizza: Personal",https://pizzeriahorebs.com/wp-content/uploads/2023/09/Pepperoni-1.jpg,https://pizzeriahorebs.com/producto/pizza-pepperoni/?attribute_pa_tamano-de-la-pizza=personal,"499988","Pizzeria Horebs",20000COP,in stock,PP-7154_208,,,1970-01-29T00:00+00:00/2038-01-17T23:59+00:00,16000COP,new,published,,,,,,,"tamano-de-la-pizza:Grande/Mediana/Personal:Personal"
PP-M-5663_211,"Pizza Pepperoni","Tamaño de la pizza: Mediana",https://pizzeriahorebs.com/wp-content/uploads/2023/09/Pepperoni-1.jpg,https://pizzeriahorebs.com/producto/pizza-pepperoni/?attribute_pa_tamano-de-la-pizza=mediana,"499988","Pizzeria Horebs",0COP,in stock,PP-7154_208,,,,0,new,published,,,,,,,"tamano-de-la-pizza:Grande/Mediana/Personal:Mediana"
PP-G-2296_210,"Pizza Pepperoni","Tamaño de la pizza: Grande",https://pizzeriahorebs.com/wp-content/uploads/2023/09/Pepperoni-1.jpg,https://pizzeriahorebs.com/producto/pizza-pepperoni/?attribute_pa_tamano-de-la-pizza=grande,"499988","Pizzeria Horebs",55000COP,in stock,PP-7154_208,,,1970-01-29T00:00+00:00/2038-01-17T23:59+00:00,40000COP,new,published,,,,,,,"tamano-de-la-pizza:Grande/Mediana/Personal:Grande"
PJP-P-4876_206,"Pizza jamón pollo","Tamaño de la pizza: Personal",https://pizzeriahorebs.com/wp-content/uploads/2023/04/Jamon-pollo-1-1.jpg,https://pizzeriahorebs.com/producto/pizza-jamon-pollo/?attribute_pa_tamano-de-la-pizza=personal,"499988","Pizzeria Horebs",17000COP,in stock,PJP-5825_202,,,,0,new,published,,,,,,,"tamano-de-la-pizza:Grande/Mediana/Personal:Personal"
PJP-M-8505_205,"Pizza jamón pollo","Tamaño de la pizza: Mediana",https://pizzeriahorebs.com/wp-content/uploads/2023/04/Jamon-pollo-1-1.jpg,https://pizzeriahorebs.com/producto/pizza-jamon-pollo/?attribute_pa_tamano-de-la-pizza=mediana,"499988","Pizzeria Horebs",30000COP,in stock,PJP-5825_202,,,,0,new,published,,,,,,,"tamano-de-la-pizza:Grande/Mediana/Personal:Mediana"
PJP-G-4351_204,"Pizza jamón pollo","Tamaño de la pizza: Grande",https://pizzeriahorebs.com/wp-content/uploads/2023/04/Jamon-pollo-1-1.jpg,https://pizzeriahorebs.com/producto/pizza-jamon-pollo/?attribute_pa_tamano-de-la-pizza=grande,"499988","Pizzeria Horebs",42000COP,in stock,PJP-5825_202,,,,0,new,published,,,,,,,"tamano-de-la-pizza:Grande/Mediana/Personal:Grande"
PJM-P-3981_201,"Pizza jamón maiz","Tamaño de la pizza: Personal",https://pizzeriahorebs.com/wp-content/uploads/2023/04/jamon-maiz-1.jpg,https://pizzeriahorebs.com/producto/pizza-jamon-maiz/?attribute_pa_tamano-de-la-pizza=personal,"499988","Pizzeria Horebs",17000COP,in stock,PJM-7727_197,,,,0,new,published,,,,,,,"tamano-de-la-pizza:Grande/Mediana/Personal:Personal"
PJM-M-6521_200,"Pizza jamón maiz","Tamaño de la pizza: Mediana",https://pizzeriahorebs.com/wp-content/uploads/2023/04/jamon-maiz-1.jpg,https://pizzeriahorebs.com/producto/pizza-jamon-maiz/?attribute_pa_tamano-de-la-pizza=mediana,"499988","Pizzeria Horebs",28000COP,in stock,PJM-7727_197,,,,0,new,published,,,,,,,"tamano-de-la-pizza:Grande/Mediana/Personal:Mediana"
PJM-G-3731_199,"Pizza jamón maiz","Tamaño de la pizza: Grande",https://pizzeriahorebs.com/wp-content/uploads/2023/04/jamon-maiz-1.jpg,https://pizzeriahorebs.com/producto/pizza-jamon-maiz/?attribute_pa_tamano-de-la-pizza=grande,"499988","Pizzeria Horebs",45000COP,in stock,PJM-7727_197,,,,0,new,published,,,,,,,"tamano-de-la-pizza:Grande/Mediana/Personal:Grande"
PH-P-2530_196,"Pizza Hawaiana","Tamaño de la pizza: Personal",https://pizzeriahorebs.com/wp-content/uploads/2023/04/Hawaiana-1-2.jpg,https://pizzeriahorebs.com/producto/pizza-hawaiana/?attribute_pa_tamano-de-la-pizza=personal,"499988","Pizzeria Horebs",18000COP,in stock,PH-2226_192,,,1970-01-29T00:00+00:00/2038-01-17T23:59+00:00,15000COP,new,published,,,,,,,"tamano-de-la-pizza:Grande/Mediana/Personal:Personal"
PH-M-4442_195,"Pizza Hawaiana","Tamaño de la pizza: Mediana",https://pizzeriahorebs.com/wp-content/uploads/2023/04/Hawaiana-1-2.jpg,https://pizzeriahorebs.com/producto/pizza-hawaiana/?attribute_pa_tamano-de-la-pizza=mediana,"499988","Pizzeria Horebs",28000COP,in stock,PH-2226_192,,,,0,new,published,,,,,,,"tamano-de-la-pizza:Grande/Mediana/Personal:Mediana"
PH-G-9545_194,"Pizza Hawaiana","Tamaño de la pizza: Grande",https://pizzeriahorebs.com/wp-content/uploads/2023/04/Hawaiana-1-2.jpg,https://pizzeriahorebs.com/producto/pizza-hawaiana/?attribute_pa_tamano-de-la-pizza=grande,"499988","Pizzeria Horebs",40000COP,in stock,PH-2226_192,,,,0,new,published,,,,,,,"tamano-de-la-pizza:Grande/Mediana/Personal:Grande"
PPC-P-4956_191,"Pizza pollo champiñon","Tamaño de la pizza: Personal",https://pizzeriahorebs.com/wp-content/uploads/2023/04/pollo-champinon-1.jpg,https://pizzeriahorebs.com/producto/pizza-pollo-champinon/?attribute_pa_tamano-de-la-pizza=personal,"499988","Pizzeria Horebs",18000COP,in stock,PPC-5019_187,,,,0,new,published,,,,,,,"tamano-de-la-pizza:Grande/Mediana/Personal:Personal"
PPC-M-4595_190,"Pizza pollo champiñon","Tamaño de la pizza: Mediana",https://pizzeriahorebs.com/wp-content/uploads/2023/04/pollo-champinon-1.jpg,https://pizzeriahorebs.com/producto/pizza-pollo-champinon/?attribute_pa_tamano-de-la-pizza=mediana,"499988","Pizzeria Horebs",30000COP,in stock,PPC-5019_187,,,,0,new,published,,,,,,,"tamano-de-la-pizza:Grande/Mediana/Personal:Mediana"
PPC-G-1373_189,"Pizza pollo champiñon","Tamaño de la pizza: Grande",https://pizzeriahorebs.com/wp-content/uploads/2023/04/pollo-champinon-1.jpg,https://pizzeriahorebs.com/producto/pizza-pollo-champinon/?attribute_pa_tamano-de-la-pizza=grande,"499988","Pizzeria Horebs",40000COP,in stock,PPC-5019_187,,,,0,new,published,,,,,,,"tamano-de-la-pizza:Grande/Mediana/Personal:Grande"
PHE-P-3263_183,"Pizza horebs especial","Tamaño de la pizza: Personal",https://pizzeriahorebs.com/wp-content/uploads/2023/04/pizzeria-horebs-special-post-1.jpg,https://pizzeriahorebs.com/producto/pizza-horebs-especial/?attribute_pa_tamano-de-la-pizza=personal,"499988","Pizzeria Horebs",20000COP,in stock,PHE-7616_179,,,,0,new,published,,,,,,,"tamano-de-la-pizza:Grande/Mediana/Personal:Personal"
PHE-M-2488_182,"Pizza horebs especial","Tamaño de la pizza: Mediana",https://pizzeriahorebs.com/wp-content/uploads/2023/04/pizzeria-horebs-special-post-1.jpg,https://pizzeriahorebs.com/producto/pizza-horebs-especial/?attribute_pa_tamano-de-la-pizza=mediana,"499988","Pizzeria Horebs",40000COP,in stock,PHE-7616_179,,,,0,new,published,,,,,,,"tamano-de-la-pizza:Grande/Mediana/Personal:Mediana"
PHE-G-2997_181,"Pizza horebs especial","Tamaño de la pizza: Grande",https://pizzeriahorebs.com/wp-content/uploads/2023/04/pizzeria-horebs-special-post-1.jpg,https://pizzeriahorebs.com/producto/pizza-horebs-especial/?attribute_pa_tamano-de-la-pizza=grande,"499988","Pizzeria Horebs",55000COP,in stock,PHE-7616_179,,,,0,new,published,,,,,,,"tamano-de-la-pizza:Grande/Mediana/Personal:Grande"
PCE-P-4360_178,"Pizza cuatro estaciones","Tamaño de la pizza: Personal",https://pizzeriahorebs.com/wp-content/uploads/2023/04/cuatro-estaciones-1.jpg,https://pizzeriahorebs.com/producto/pizza-cuatro-estaciones/?attribute_pa_tamano-de-la-pizza=personal,"499988","Pizzeria Horebs",20000COP,in stock,PCE-3518_174,,,,0,new,published,,,,,,,"tamano-de-la-pizza:Grande/Mediana/Personal:Personal"
PCE-M-3847_177,"Pizza cuatro estaciones","Tamaño de la pizza: Mediana",https://pizzeriahorebs.com/wp-content/uploads/2023/04/cuatro-estaciones-1.jpg,https://pizzeriahorebs.com/producto/pizza-cuatro-estaciones/?attribute_pa_tamano-de-la-pizza=mediana,"499988","Pizzeria Horebs",30000COP,in stock,PCE-3518_174,,,,0,new,published,,,,,,,"tamano-de-la-pizza:Grande/Mediana/Personal:Mediana"
PCE-G-6521_176,"Pizza cuatro estaciones","Tamaño de la pizza: Grande",https://pizzeriahorebs.com/wp-content/uploads/2023/04/cuatro-estaciones-1.jpg,https://pizzeriahorebs.com/producto/pizza-cuatro-estaciones/?attribute_pa_tamano-de-la-pizza=grande,"499988","Pizzeria Horebs",40000COP,in stock,PCE-3518_174,,,,0,new,published,,,,,,,"tamano-de-la-pizza:Grande/Mediana/Personal:Grande"
PR-P-3712_173,"Pizza ranchera","Tamaño de la pizza: Personal",https://pizzeriahorebs.com/wp-content/uploads/2023/09/Ranchera-1.jpg,https://pizzeriahorebs.com/producto/pizza-ranchera/?attribute_pa_tamano-de-la-pizza=personal,"499988","Pizzeria Horebs",15000COP,in stock,PR-9219_169,,,,0,new,published,,,,,,,"tamano-de-la-pizza:Grande/Mediana/Personal:Personal"
PR-M-8905_172,"Pizza ranchera","Tamaño de la pizza: Mediana",https://pizzeriahorebs.com/wp-content/uploads/2023/09/Ranchera-1.jpg,https://pizzeriahorebs.com/producto/pizza-ranchera/?attribute_pa_tamano-de-la-pizza=mediana,"499988","Pizzeria Horebs",30000COP,in stock,PR-9219_169,,,,0,new,published,,,,,,,"tamano-de-la-pizza:Grande/Mediana/Personal:Mediana"
PR-G-9032_171,"Pizza ranchera","Tamaño de la pizza: Grande",https://pizzeriahorebs.com/wp-content/uploads/2023/09/Ranchera-1.jpg,https://pizzeriahorebs.com/producto/pizza-ranchera/?attribute_pa_tamano-de-la-pizza=grande,"499988","Pizzeria Horebs",40000COP,in stock,PR-9219_169,,,,0,new,published,,,,,,,"tamano-de-la-pizza:Grande/Mediana/Personal:Grande"
PTC-P-7342_168,"Pizza tres carnes","Tamaño de la pizza: Personal",https://pizzeriahorebs.com/wp-content/uploads/2023/09/Tres-carnes-1.jpg,https://pizzeriahorebs.com/producto/pizza-tres-carnes/?attribute_pa_tamano-de-la-pizza=personal,"499988","Pizzeria Horebs",22000COP,in stock,PT-2941_164,,,,0,new,published,,,,,,,"tamano-de-la-pizza:Grande/Mediana/Personal:Personal"
PTC-M-2938_167,"Pizza tres carnes","Tamaño de la pizza: Mediana",https://pizzeriahorebs.com/wp-content/uploads/2023/09/Tres-carnes-1.jpg,https://pizzeriahorebs.com/producto/pizza-tres-carnes/?attribute_pa_tamano-de-la-pizza=mediana,"499988","Pizzeria Horebs",35000COP,in stock,PT-2941_164,,,,0,new,published,,,,,,,"tamano-de-la-pizza:Grande/Mediana/Personal:Mediana"
PTC-G-6286_166,"Pizza tres carnes","Tamaño de la pizza: Grande",https://pizzeriahorebs.com/wp-content/uploads/2023/09/Tres-carnes-1.jpg,https://pizzeriahorebs.com/producto/pizza-tres-carnes/?attribute_pa_tamano-de-la-pizza=grande,"499988","Pizzeria Horebs",50000COP,in stock,PT-2941_164,,,,0,new,published,,,,,,,"tamano-de-la-pizza:Grande/Mediana/Personal:Grande"
PV-P-5851_163,"Pizza vegetariana","Tamaño de la pizza: Personal",https://pizzeriahorebs.com/wp-content/uploads/2023/04/vegetariana-1.jpg,https://pizzeriahorebs.com/producto/pizza-vegetariana/?attribute_pa_tamano-de-la-pizza=personal,"499988","Pizzeria Horebs",19000COP,in stock,PV-4861_159,,,1970-01-29T00:00+00:00/2038-01-17T23:59+00:00,15000COP,new,published,,,,,,,"tamano-de-la-pizza:Grande/Mediana/Personal:Personal"
PV-M-1271_162,"Pizza vegetariana","Tamaño de la pizza: Mediana",https://pizzeriahorebs.com/wp-content/uploads/2023/04/vegetariana-1.jpg,https://pizzeriahorebs.com/producto/pizza-vegetariana/?attribute_pa_tamano-de-la-pizza=mediana,"499988","Pizzeria Horebs",30000COP,in stock,PV-4861_159,,,1970-01-29T00:00+00:00/2038-01-17T23:59+00:00,25000COP,new,published,,,,,,,"tamano-de-la-pizza:Grande/Mediana/Personal:Mediana"
PV-G-7756_161,"Pizza vegetariana","Tamaño de la pizza: Grande",https://pizzeriahorebs.com/wp-content/uploads/2023/04/vegetariana-1.jpg,https://pizzeriahorebs.com/producto/pizza-vegetariana/?attribute_pa_tamano-de-la-pizza=grande,"499988","Pizzeria Horebs",50000COP,in stock,PV-4861_159,,,1970-01-29T00:00+00:00/2038-01-17T23:59+00:00,40000COP,new,published,,,,,,,"tamano-de-la-pizza:Grande/Mediana/Personal:Grande"
PJQ-P-6783_139,"Pizza de Jamón y Queso","Tamaño de la pizza: Personal",https://pizzeriahorebs.com/wp-content/uploads/2023/09/Jamon-2.jpg,https://pizzeriahorebs.com/producto/pizza-de-jamon-y-queso/?attribute_pa_tamano-de-la-pizza=personal,"499988","Pizzeria Horebs",13000COP,in stock,PJQ-5032_135,,,,0,new,published,,,,,,,"tamano-de-la-pizza:Grande/Mediana/Personal:Personal"
PJQ-M-8342_138,"Pizza de Jamón y Queso","Tamaño de la pizza: Mediana",https://pizzeriahorebs.com/wp-content/uploads/2023/09/Jamon-2.jpg,https://pizzeriahorebs.com/producto/pizza-de-jamon-y-queso/?attribute_pa_tamano-de-la-pizza=mediana,"499988","Pizzeria Horebs",27000COP,in stock,PJQ-5032_135,,,1970-01-29T00:00+00:00/2038-01-17T23:59+00:00,25000COP,new,published,,,,,,,"tamano-de-la-pizza:Grande/Mediana/Personal:Mediana"
PJQ-G-8432_137,"Pizza de Jamón y Queso","Tamaño de la pizza: Grande",https://pizzeriahorebs.com/wp-content/uploads/2023/09/Jamon-2.jpg,https://pizzeriahorebs.com/producto/pizza-de-jamon-y-queso/?attribute_pa_tamano-de-la-pizza=grande,"499988","Pizzeria Horebs",40000COP,in stock,PJQ-5032_135,,,1970-01-29T00:00+00:00/2038-01-17T23:59+00:00,35000COP,new,published,,,,,,,"tamano-de-la-pizza:Grande/Mediana/Personal:Grande"
PM-P-4270_110,"Pizza Margarita","Tamaño de la pizza: Personal",https://pizzeriahorebs.com/wp-content/uploads/2023/04/Margarita.jpg,https://pizzeriahorebs.com/producto/pizza-margarita/?attribute_pa_tamano-de-la-pizza=personal,"499988","Pizzeria Horebs",16000COP,in stock,PM-5135_106,,,1970-01-29T00:00+00:00/2038-01-17T23:59+00:00,10000COP,new,published,,,,,,,"tamano-de-la-pizza:Grande/Mediana/Personal:Personal"
PM-M-3396_109,"Pizza Margarita","Tamaño de la pizza: Mediana",https://pizzeriahorebs.com/wp-content/uploads/2023/04/Margarita.jpg,https://pizzeriahorebs.com/producto/pizza-margarita/?attribute_pa_tamano-de-la-pizza=mediana,"499988","Pizzeria Horebs",25000COP,in stock,PM-5135_106,,,1970-01-29T00:00+00:00/2038-01-17T23:59+00:00,20000COP,new,published,,,,,,,"tamano-de-la-pizza:Grande/Mediana/Personal:Mediana"
PM-G-6713_108,"Pizza Margarita","Tamaño de la pizza: Grande",https://pizzeriahorebs.com/wp-content/uploads/2023/04/Margarita.jpg,https://pizzeriahorebs.com/producto/pizza-margarita/?attribute_pa_tamano-de-la-pizza=grande,"499988","Pizzeria Horebs",40000COP,in stock,PM-5135_106,,,1970-01-29T00:00+00:00/2038-01-17T23:59+00:00,30000COP,new,published,,,,,,,"tamano-de-la-pizza:Grande/Mediana/Personal:Grande"
